Completion_Rate,Avg_Feedback
52.619874213836475,2.9
56.10432926829269,3.2777777777777777
56.15917159763313,2.923076923076923
54.135329341317366,2.789473684210526
